<?xml version="1.0"?>
<!--<!DOCTYPE metadata SYSTEM "http://www.esri.com/metadata/esriprof80.dtd">-->
<metadata xml:lang="en"><Esri><CreaDate>20080314</CreaDate><CreaTime>14403700</CreaTime><SyncOnce>TRUE</SyncOnce><MetaID>{971F9914-A96A-4EB1-B0B9-F9DA2064DD0C}</MetaID></Esri><idinfo><citation><citeinfo><onlink Sync="TRUE">\\GIS20\D$\dsl250new-2007\data-copy\tanks</onlink></citeinfo></citation></idinfo><distInfo><distributor><distorTran><onLineSrc><linkage Sync="TRUE">file://\\GIS20\D$\dsl250new-2007\data-copy\tanks</linkage><protocol Sync="TRUE">Local Area Network</protocol></onLineSrc></distorTran></distributor></distInfo><dataqual><lineage><procstep><procdesc Sync="TRUE">Dataset copied.</procdesc><srcused Sync="TRUE">d:\dsl250new-2007\tanks</srcused><date Sync="TRUE">20080314</date><time Sync="TRUE">14403700</time></procstep></lineage></dataqual></metadata>
